{
  "train_loss": [
    1.184063587407865,
    0.506762378899626,
    0.46489549640273203,
    0.4510972643743454,
    0.4405364887922969,
    0.4284576199379474,
    0.41887366058818526,
    0.41196326553359514,
    0.4055717664699618,
    0.4097993476842329,
    0.3926359232213938,
    0.3878146489857307,
    0.3833245540642131,
    0.37461326607107986,
    0.3745951137669459,
    0.3803684353861434,
    0.3760847920265177,
    0.3808739773458817,
    0.37031307826406534,
    0.36299947745776256,
    0.3760698420198785,
    0.36687374062184347,
    0.3657975703609874,
    0.3646159478992323,
    0.35503470795363157,
    0.35611583538361696,
    0.3561742707740429,
    0.3569421702181118,
    0.3596912759087014,
    0.3519554919710719,
    0.3500765700342911,
    0.34773879553524495,
    0.35500096905139067,
    0.3534255066055264,
    0.35281507986064503,
    0.348991874378517,
    0.35311375421411045,
    0.3480235223688293,
    0.3452090620334494,
    0.3549849404185053,
    0.3461235299590946,
    0.34670238218302213,
    0.347307154704566,
    0.3448838447349544,
    0.34789489293811326,
    0.3560316637240903,
    0.34358770952272255,
    0.3482641418642908,
    0.3459597701910194,
    0.3496563583117387,
    0.3367263030174167,
    0.34854940263139844,
    0.3470225224265229,
    0.3412137081060695,
    0.3402322519855246
  ],
  "val_loss": [
    0.45497657347095105,
    0.7016617102832449,
    0.37158951602240864,
    0.5531848277848512,
    0.3550320531046668,
    0.6539233876753223,
    0.5715180228846942,
    0.5628714621529098,
    0.4478169037390125,
    0.60412502689263,
    0.3877020941840278,
    0.6607219415117603,
    0.3786976371316639,
    0.6553152451527519,
    0.40217458693556085,
    0.617749500182248,
    0.3380422740019569,
    0.34596252888056045,
    0.349449256747884,
    0.35839333367902176,
    0.5343013197876686,
    0.43225565652822645,
    0.6221352327393623,
    0.4735960020883447,
    0.47978101836310494,
    0.5538459718997473,
    0.6205388951363181,
    0.5026617878783273,
    0.5339229294804023,
    0.42268732721491376,
    0.3285305568568158,
    0.40135199201199434,
    0.39725931762724886,
    0.3622518244947882,
    0.33785759278354105,
    0.6121801290401193,
    0.5664765973423802,
    0.3168050797718748,
    0.3370418262882134,
    0.30649232140499183,
    0.3100089435429536,
    0.5522802131736617,
    0.4245017600613971,
    0.31826208735929284,
    0.3243040340045318,
    0.47992102998171665,
    0.5839338107010499,
    0.5113365357544379,
    0.4379327673012588,
    0.3136752458813887,
    0.4098076863498343,
    0.34421108982667753,
    0.5118226254941265,
    0.40404788283414617,
    0.30735244900373215
  ]
}